-- PART 2: ALL SEED DATA (safe to re-run)
-- Run Part 1 first, then this.

-- 1. VERSE MEMORY
insert into verse_memory_challenges (id, title, description, difficulty, xp_reward) values
('a1000000-0000-0000-0000-000000000001', 'Psalm 23 Memory', 'Memorize the beloved Psalm 23 verses.', 'easy', 10),
('a1000000-0000-0000-0000-000000000002', 'Proverbs Wisdom', 'Recall key Proverbs verses about wisdom.', 'medium', 15),
('a1000000-0000-0000-0000-000000000003', 'New Testament Promises', 'Remember powerful New Testament promises.', 'hard', 20),
('a1000000-0000-0000-0000-000000000004', 'Psalms of Comfort', 'Find peace in comforting Psalm verses.', 'medium', 15),
('a1000000-0000-0000-0000-000000000005', 'Words of Jesus', 'Memorize direct quotes from Jesus Christ.', 'hard', 20)
on conflict (id) do nothing;

insert into verse_memory_questions (challenge_id, verse_text, reference, missing_words, order_index) values
('a1000000-0000-0000-0000-000000000001', 'The Lord is my shepherd; I shall not want.', 'Psalm 23:1', '{"shepherd","want"}', 0),
('a1000000-0000-0000-0000-000000000001', 'He makes me lie down in green pastures.', 'Psalm 23:2', '{"green","pastures"}', 1),
('a1000000-0000-0000-0000-000000000001', 'He leads me beside still waters.', 'Psalm 23:2', '{"still","waters"}', 2),
('a1000000-0000-0000-0000-000000000001', 'He restores my soul.', 'Psalm 23:3', '{"restores","soul"}', 3),
('a1000000-0000-0000-0000-000000000001', 'He leads me in paths of righteousness for his name sake.', 'Psalm 23:3', '{"paths","righteousness"}', 4),
('a1000000-0000-0000-0000-000000000001', 'Even though I walk through the valley of the shadow of death, I will fear no evil.', 'Psalm 23:4', '{"valley","shadow","death","fear"}', 5),
('a1000000-0000-0000-0000-000000000001', 'For you are with me; your rod and your staff, they comfort me.', 'Psalm 23:4', '{"rod","staff","comfort"}', 6),
('a1000000-0000-0000-0000-000000000001', 'You prepare a table before me in the presence of my enemies.', 'Psalm 23:5', '{"prepare","table","enemies"}', 7),
('a1000000-0000-0000-0000-000000000001', 'You anoint my head with oil; my cup overflows.', 'Psalm 23:5', '{"anoint","oil","overflows"}', 8),
('a1000000-0000-0000-0000-000000000001', 'Surely goodness and mercy shall follow me all the days of my life.', 'Psalm 23:6', '{"goodness","mercy","follow"}', 9),
('a1000000-0000-0000-0000-000000000002', 'Trust in the Lord with all your heart, and do not lean on your own understanding.', 'Proverbs 3:5', '{"trust","heart","understanding"}', 0),
('a1000000-0000-0000-0000-000000000002', 'In all your ways acknowledge him, and he will make straight your paths.', 'Proverbs 3:6', '{"acknowledge","straight","paths"}', 1),
('a1000000-0000-0000-0000-000000000002', 'The fear of the Lord is the beginning of wisdom.', 'Proverbs 9:10', '{"fear","beginning","wisdom"}', 2),
('a1000000-0000-0000-0000-000000000002', 'A gentle answer turns away wrath, but a harsh word stirs up anger.', 'Proverbs 15:1', '{"gentle","wrath","harsh"}', 3),
('a1000000-0000-0000-0000-000000000002', 'The tongue of the wise adorns knowledge, but the mouth of the fool gushes folly.', 'Proverbs 15:2', '{"tongue","wise","adorns"}', 4),
('a1000000-0000-0000-0000-000000000002', 'Plans are established by seeking advice; so if you wage war, obtain guidance.', 'Proverbs 20:18', '{"plans","advice","guidance"}', 5),
('a1000000-0000-0000-0000-000000000002', 'The wise in heart are called discerning, and pleasant words promote instruction.', 'Proverbs 16:21', '{"wise","discerning","pleasant"}', 6),
('a1000000-0000-0000-0000-000000000002', 'Iron sharpens iron, and one person sharpens another.', 'Proverbs 27:17', '{"iron","sharpens","another"}', 7),
('a1000000-0000-0000-0000-000000000002', 'Above all else, guard your heart, for everything you do flows from it.', 'Proverbs 4:23', '{"guard","heart","flows"}', 8),
('a1000000-0000-0000-0000-000000000002', 'Commit to the Lord whatever you do, and he will establish your plans.', 'Proverbs 16:3', '{"commit","establish","plans"}', 9),
('a1000000-0000-0000-0000-000000000003', 'For God so loved the world that he gave his only Son.', 'John 3:16', '{"loved","world","only Son"}', 0),
('a1000000-0000-0000-0000-000000000003', 'I can do all things through him who strengthens me.', 'Philippians 4:13', '{"all things","strengthens"}', 1),
('a1000000-0000-0000-0000-000000000003', 'And we know that in all things God works for the good of those who love him.', 'Romans 8:28', '{"works","good","love"}', 2),
('a1000000-0000-0000-0000-000000000003', 'But those who hope in the Lord will renew their strength.', 'Isaiah 40:31', '{"hope","renew","strength"}', 3),
('a1000000-0000-0000-0000-000000000003', 'The Lord is my light and my salvation; whom shall I fear?', 'Psalm 27:1', '{"light","salvation","fear"}', 4),
('a1000000-0000-0000-0000-000000000003', 'Be strong and courageous. Do not be afraid; do not be discouraged.', 'Joshua 1:9', '{"strong","courageous","afraid"}', 5),
('a1000000-0000-0000-0000-000000000003', 'No weapon formed against you shall prosper.', 'Isaiah 54:17', '{"weapon","formed","prosper"}', 6),
('a1000000-0000-0000-0000-000000000003', 'I will never leave you nor forsake you.', 'Hebrews 13:5', '{"never","leave","forsake"}', 7),
('a1000000-0000-0000-0000-000000000003', 'Come to me, all you who are weary and burdened, and I will give you rest.', 'Matthew 11:28', '{"weary","burdened","rest"}', 8),
('a1000000-0000-0000-0000-000000000003', 'And my God will meet all your needs according to the riches of his glory.', 'Philippians 4:19', '{"meet","needs","riches"}', 9),
('a1000000-0000-0000-0000-000000000004', 'The Lord is close to the brokenhearted and saves those who are crushed in spirit.', 'Psalm 34:18', '{"close","brokenhearted","saves"}', 0),
('a1000000-0000-0000-0000-000000000004', 'Cast your cares on the Lord and he will sustain you.', 'Psalm 55:22', '{"cast","cares","sustain"}', 1),
('a1000000-0000-0000-0000-000000000004', 'He heals the brokenhearted and binds up their wounds.', 'Psalm 147:3', '{"heals","brokenhearted","binds"}', 2),
('a1000000-0000-0000-0000-000000000004', 'The Lord is my refuge and my fortress; my God, in whom I trust.', 'Psalm 91:2', '{"refuge","fortress","trust"}', 3),
('a1000000-0000-0000-0000-000000000004', 'When I am afraid, I put my trust in you.', 'Psalm 56:3', '{"afraid","trust"}', 4),
('a1000000-0000-0000-0000-000000000004', 'You will keep in perfect peace those whose minds are steadfast.', 'Isaiah 26:3', '{"perfect","peace","steadfast"}', 5),
('a1000000-0000-0000-0000-000000000004', 'The Lord is my strength and my shield; my heart trusts in him.', 'Psalm 28:7', '{"strength","shield","trusts"}', 6),
('a1000000-0000-0000-0000-000000000004', 'God is our refuge and strength, an ever-present help in trouble.', 'Psalm 46:1', '{"refuge","strength","help"}', 7),
('a1000000-0000-0000-0000-000000000004', 'I will lie down and sleep in peace, for you alone, Lord, make me dwell in safety.', 'Psalm 4:8', '{"lie","sleep","peace","safety"}', 8),
('a1000000-0000-0000-0000-000000000004', 'The Lord is my shepherd; I shall not want. He makes me lie down in green pastures.', 'Psalm 23:1-2', '{"shepherd","want","green","pastures"}', 9),
('a1000000-0000-0000-0000-000000000005', 'I am the way, the truth, and the life.', 'John 14:6', '{"way","truth","life"}', 0),
('a1000000-0000-0000-0000-000000000005', 'Love your neighbor as yourself.', 'Matthew 22:39', '{"love","neighbor","yourself"}', 1),
('a1000000-0000-0000-0000-000000000005', 'For where your treasure is, there your heart will be also.', 'Matthew 6:21', '{"treasure","heart"}', 2),
('a1000000-0000-0000-0000-000000000005', 'I am the light of the world. Whoever follows me will never walk in darkness.', 'John 8:12', '{"light","world","follows","darkness"}', 3),
('a1000000-0000-0000-0000-000000000005', 'Let the little children come to me, and do not hinder them.', 'Matthew 19:14', '{"little","children","hinder"}', 4),
('a1000000-0000-0000-0000-000000000005', 'I am the resurrection and the life.', 'John 11:25', '{"resurrection","life"}', 5),
('a1000000-0000-0000-0000-000000000005', 'Do not let your hearts be troubled. You believe in God; believe also in me.', 'John 14:1', '{"troubled","believe","God"}', 6),
('a1000000-0000-0000-0000-000000000005', 'Peace I leave with you; my peace I give you.', 'John 14:27', '{"peace","leave","give"}', 7),
('a1000000-0000-0000-0000-000000000005', 'I am the vine; you are the branches.', 'John 15:5', '{"vine","branches"}', 8),
('a1000000-0000-0000-0000-000000000005', 'By this everyone will know that you are my disciples, if you love one another.', 'John 13:35', '{"know","disciples","love"}', 9);

-- 2. WHO SAID IT
insert into who_said_it_quizzes (id, title, description, difficulty, xp_reward) values
('b1000000-0000-0000-0000-000000000001', 'Old Testament Speakers', 'Identify who spoke famous Old Testament quotes.', 'easy', 10),
('b1000000-0000-0000-0000-000000000002', 'New Testament Speakers', 'Match New Testament quotes to their speakers.', 'medium', 15),
('b1000000-0000-0000-0000-000000000003', 'Prophets and Kings', 'Test your knowledge of prophetic and royal speeches.', 'hard', 20),
('b1000000-0000-0000-0000-000000000004', 'Women of the Bible', 'Identify quotes from remarkable women of the Bible.', 'medium', 15),
('b1000000-0000-0000-0000-000000000005', 'Famous Last Words', 'Match the final words of biblical figures.', 'hard', 20)
on conflict (id) do nothing;

insert into who_said_it_questions (quiz_id, quote, correct_speaker, wrong_speakers, reference, order_index) values
('b1000000-0000-0000-0000-000000000001', 'I am the Lord your God, who brought you out of Egypt.', 'God', '{"Moses","Abraham","David"}', 'Exodus 20:2', 0),
('b1000000-0000-0000-0000-000000000001', 'Here I am; send me.', 'Isaiah', '{"Jeremiah","Elijah","Moses"}', 'Isaiah 6:8', 1),
('b1000000-0000-0000-0000-000000000001', 'The Lord is my rock, my fortress, and my deliverer.', 'David', '{"Solomon","Moses","Joshua"}', 'Psalm 18:2', 2),
('b1000000-0000-0000-0000-000000000001', 'The Lord will fight for you; you need only to be still.', 'Moses', '{"Aaron","Joshua","Caleb"}', 'Exodus 14:14', 3),
('b1000000-0000-0000-0000-000000000001', 'Before I formed you in the womb I knew you.', 'God', '{"Jeremiah","Isaiah","Moses"}', 'Jeremiah 1:5', 4),
('b1000000-0000-0000-0000-000000000001', 'As for me and my household, we will serve the Lord.', 'Joshua', '{"Moses","David","Solomon"}', 'Joshua 24:15', 5),
('b1000000-0000-0000-0000-000000000001', 'The Lord is my shepherd; I shall not want.', 'David', '{"Solomon","Moses","Asaph"}', 'Psalm 23:1', 6),
('b1000000-0000-0000-0000-000000000001', 'I can do all things through God who gives me strength.', 'Samson', '{"David","Gideon","Joshua"}', 'Judges 16:30', 7),
('b1000000-0000-0000-0000-000000000002', 'I am the way, the truth, and the life.', 'Jesus', '{"Paul","Peter","John"}', 'John 14:6', 0),
('b1000000-0000-0000-0000-000000000002', 'Love is patient, love is kind.', 'Paul', '{"Peter","John","James"}', '1 Corinthians 13:4', 1),
('b1000000-0000-0000-0000-000000000002', 'For by grace you have been saved through faith.', 'Paul', '{"Peter","James","Jesus"}', 'Ephesians 2:8', 2),
('b1000000-0000-0000-0000-000000000002', 'You are the Christ, the Son of the living God.', 'Peter', '{"John","Andrew","Thomas"}', 'Matthew 16:16', 3),
('b1000000-0000-0000-0000-000000000002', 'In the beginning was the Word, and the Word was with God.', 'John', '{"Paul","Peter","Luke"}', 'John 1:1', 4),
('b1000000-0000-0000-0000-000000000002', 'Repent and be baptized, every one of you.', 'Peter', '{"Paul","John","James"}', 'Acts 2:38', 5),
('b1000000-0000-0000-0000-000000000002', 'I have been crucified with Christ and I no longer live.', 'Paul', '{"Peter","John","Barnabas"}', 'Galatians 2:20', 6),
('b1000000-0000-0000-0000-000000000002', 'My grace is sufficient for you, for my power is made perfect in weakness.', 'Paul', '{"Peter","Timothy","Silas"}', '2 Corinthians 12:9', 7),
('b1000000-0000-0000-0000-000000000003', 'Behold, I am doing a new thing; now it springs forth.', 'Isaiah', '{"Jeremiah","Ezekiel","Daniel"}', 'Isaiah 43:19', 0),
('b1000000-0000-0000-0000-000000000003', 'For I know the plans I have for you, declares the Lord.', 'God', '{"Jeremiah","Isaiah","Ezekiel"}', 'Jeremiah 29:11', 1),
('b1000000-0000-0000-0000-000000000003', 'He has told you, O man, what is good.', 'Micah', '{"Isaiah","Hosea","Amos"}', 'Micah 6:8', 2),
('b1000000-0000-0000-0000-000000000003', 'Write the vision and make it plain on tablets.', 'Habakkuk', '{"Haggai","Zechariah","Malachi"}', 'Habakkuk 2:2', 3),
('b1000000-0000-0000-0000-000000000003', 'I will raise up for them a prophet like you from among their brothers.', 'God', '{"Moses","Joshua","Samuel"}', 'Deuteronomy 18:18', 4),
('b1000000-0000-0000-0000-000000000003', 'The Lord is my strength and my song; he has become my salvation.', 'Moses', '{"Miriam","Deborah","Hannah"}', 'Exodus 15:2', 5),
('b1000000-0000-0000-0000-000000000003', 'Is there no balm in Gilead? Is there no physician there?', 'Jeremiah', '{"Ezekiel","Hosea","Joel"}', 'Jeremiah 8:22', 6),
('b1000000-0000-0000-0000-000000000003', 'But let justice roll on like a river, righteousness like a never-failing stream.', 'Amos', '{"Micah","Hosea","Isaiah"}', 'Amos 5:24', 7),
('b1000000-0000-0000-0000-000000000004', 'Where you go I will go, and where you stay I will stay.', 'Ruth', '{"Naomi","Esther","Hannah"}', 'Ruth 1:16', 0),
('b1000000-0000-0000-0000-000000000004', 'If I perish, I perish.', 'Esther', '{"Ruth","Deborah","Abigail"}', 'Esther 4:16', 1),
('b1000000-0000-0000-0000-000000000004', 'The Lord has done remarkable things for me.', 'Hannah', '{"Mary","Elizabeth","Sarah"}', '1 Samuel 2:1', 2),
('b1000000-0000-0000-0000-000000000004', 'My soul glorifies the Lord and my spirit rejoices in God my Savior.', 'Mary', '{"Elizabeth","Hannah","Ruth"}', 'Luke 1:46-47', 3),
('b1000000-0000-0000-0000-000000000004', 'Blessed are you among women, and blessed is the child you will bear!', 'Elizabeth', '{"Mary","Sarah","Rebecca"}', 'Luke 1:42', 4),
('b1000000-0000-0000-0000-000000000004', 'Speak, for your servant is listening.', 'Hannah', '{"Deborah","Ruth","Esther"}', '1 Samuel 3:10', 5),
('b1000000-0000-0000-0000-000000000004', 'The Lord has vindicated me; he has shown his justice on my behalf.', 'Hannah', '{"Mary","Ruth","Abigail"}', '1 Samuel 2:1', 6),
('b1000000-0000-0000-0000-000000000004', 'Do not be afraid. You will not be put to shame.', 'Isaiah', '{"Mary","Deborah","Ruth"}', 'Isaiah 54:4', 7),
('b1000000-0000-0000-0000-000000000005', 'I have fought the good fight, I have finished the race, I have kept the faith.', 'Paul', '{"Peter","John","James"}', '2 Timothy 4:7', 0),
('b1000000-0000-0000-0000-000000000005', 'Father, into your hands I commit my spirit.', 'Jesus', '{"Stephen","Paul","Peter"}', 'Luke 23:46', 1),
('b1000000-0000-0000-0000-000000000005', 'It is finished.', 'Jesus', '{"Paul","Peter","John"}', 'John 19:30', 2),
('b1000000-0000-0000-0000-000000000005', 'Lord Jesus, receive my spirit.', 'Stephen', '{"Paul","Peter","James"}', 'Acts 7:59', 3),
('b1000000-0000-0000-0000-000000000005', 'See, I am coming soon; my reward is with me.', 'Jesus', '{"John","Paul","Peter"}', 'Revelation 22:12', 4),
('b1000000-0000-0000-0000-000000000005', 'Now I commit you to God and to the word of his grace.', 'Paul', '{"Peter","Barnabas","Timothy"}', 'Acts 20:32', 5),
('b1000000-0000-0000-0000-000000000005', 'The time of my departure has come.', 'Paul', '{"Peter","John","Timothy"}', '2 Timothy 4:6', 6),
('b1000000-0000-0000-0000-000000000005', 'Truly, I tell you, today you will be with me in paradise.', 'Jesus', '{"Peter","Paul","John"}', 'Luke 23:43', 7);

-- 3. BOOKSHELF
insert into bookshelf_challenges (id, title, section, xp_reward) values
('c1000000-0000-0000-0000-000000000001', 'First 5 Books of the Bible', 'old_testament', 15),
('c1000000-0000-0000-0000-000000000002', 'Gospels in Order', 'new_testament', 15),
('c1000000-0000-0000-0000-000000000003', 'Major Prophets', 'old_testament', 20),
('c1000000-0000-0000-0000-000000000004', 'Pauline Epistles', 'new_testament', 20),
('c1000000-0000-0000-0000-000000000005', 'Historical Books', 'old_testament', 25)
on conflict (id) do nothing;

insert into bookshelf_books (challenge_id, book_name, correct_order) values
('c1000000-0000-0000-0000-000000000001', 'Genesis', 1),
('c1000000-0000-0000-0000-000000000001', 'Exodus', 2),
('c1000000-0000-0000-0000-000000000001', 'Leviticus', 3),
('c1000000-0000-0000-0000-000000000001', 'Numbers', 4),
('c1000000-0000-0000-0000-000000000001', 'Deuteronomy', 5),
('c1000000-0000-0000-0000-000000000002', 'Matthew', 1),
('c1000000-0000-0000-0000-000000000002', 'Mark', 2),
('c1000000-0000-0000-0000-000000000002', 'Luke', 3),
('c1000000-0000-0000-0000-000000000002', 'John', 4),
('c1000000-0000-0000-0000-000000000003', 'Isaiah', 1),
('c1000000-0000-0000-0000-000000000003', 'Jeremiah', 2),
('c1000000-0000-0000-0000-000000000003', 'Lamentations', 3),
('c1000000-0000-0000-0000-000000000003', 'Ezekiel', 4),
('c1000000-0000-0000-0000-000000000003', 'Daniel', 5),
('c1000000-0000-0000-0000-000000000004', 'Romans', 1),
('c1000000-0000-0000-0000-000000000004', '1 Corinthians', 2),
('c1000000-0000-0000-0000-000000000004', '2 Corinthians', 3),
('c1000000-0000-0000-0000-000000000004', 'Galatians', 4),
('c1000000-0000-0000-0000-000000000004', 'Ephesians', 5),
('c1000000-0000-0000-0000-000000000004', 'Philippians', 6),
('c1000000-0000-0000-0000-000000000004', 'Colossians', 7),
('c1000000-0000-0000-0000-000000000005', 'Joshua', 1),
('c1000000-0000-0000-0000-000000000005', 'Judges', 2),
('c1000000-0000-0000-0000-000000000005', 'Ruth', 3),
('c1000000-0000-0000-0000-000000000005', '1 Samuel', 4),
('c1000000-0000-0000-0000-000000000005', '2 Samuel', 5),
('c1000000-0000-0000-0000-000000000005', '1 Kings', 6),
('c1000000-0000-0000-0000-000000000005', '2 Kings', 7),
('c1000000-0000-0000-0000-000000000005', '1 Chronicles', 8),
('c1000000-0000-0000-0000-000000000005', '2 Chronicles', 9);
